应用id,名字,标题,图标,封面,地址,描述,分类,是否公开,"打开方式(正常:normal,最小化:Minimize,最大化:Maximize,外部:outer)",是否可调窗口,默认窗口宽度,默认窗口高度
20000,B站,BiliBili,/assets/desktop/icons/desktop/BiliBili.png,/assets/desktop/icons/desktop/BiliBili.png,https://www.bilibili.com,国内最大的番剧网站。,娱乐,TRUE,normal,FALSE,800,600
20001,DrawIO,DrawIo(专业导图工具),/assets/desktop/icons/desktop/drawio.ico,/assets/desktop/icons/desktop/drawio.ico,https://app.diagrams.net/,思维导图、流程图等绘制工具。,工具,TRUE,outer,TRUE,800,600
20002,豆包,豆包,/assets/desktop/icons/desktop/doubao.png,/assets/desktop/icons/desktop/doubao.png,https://www.doubao.com/chat/?open_from_ext=1,字节推出的AI工具。,网络,TRUE,normal,TRUE,800,600
20003,小雅Alist,小雅Alist,/assets/desktop/icons/desktop/xiaoya_alist.png,/assets/desktop/icons/desktop/xiaoya_alist.png,https://tv.veryssl.com,汇聚大量资源的网盘。,网络,TRUE,normal,TRUE,800,600
20004,IconFont,阿里巴巴图标库,/assets/desktop/icons/desktop/iconfont.png,/assets/desktop/icons/desktop/iconfont.png,https://www.iconfont.cn,设计师必备的网站。,网络,TRUE,normal,TRUE,800,600
20005,微信,微信传输助手,/assets/desktop/icons/taskbar/wechat.png,/assets/desktop/icons/taskbar/wechat.png,https://web1.wechat.com/cgi-bin/mmwebwx-bin/webwxindex?t=v2/index,电脑无需下载微信也可传输文件。,网络,TRUE,normal,TRUE,800,600
20006,Vscode,VSCode,/assets/desktop/icons/desktop/vscode.ico,/assets/desktop/icons/desktop/vscode.ico,https://vscode.dev/?vscode-lang=zh-cn,开源的编程软件。,工具,TRUE,normal,TRUE,800,600
20007,PS,Photopea,/assets/desktop/icons/desktop/photopea.png,/assets/desktop/icons/desktop/photopea.png,https://www.photopea.com,在线图片处理工具。,工具,TRUE,Maximize,TRUE,800,600
20008,魔笔小说,魔笔小说,/assets/desktop/icons/desktop/mobi.png,/assets/desktop/icons/desktop/mobi.png,https://mobinovels.com,轻小说下载网站。,娱乐,TRUE,normal,TRUE,800,600
20009,老男人,老男人(模拟器游戏资源站),/assets/desktop/icons/desktop/oldman.jpg,/assets/desktop/icons/desktop/oldman.jpg,https://www.oldmantvg.net,一个免费分享模拟器游戏的资源站。,娱乐,TRUE,normal,TRUE,800,600
20010,Byrutgame,Byrutgame（最大的游戏破解网站）,/assets/desktop/icons/desktop/byrutgame.png,/assets/desktop/icons/desktop/byrutgame.png,https://byrutgame.org,世界最大的破解游戏资源网站,娱乐,TRUE,normal,TRUE,800,600
20011,Macpa,Macpa,/assets/desktop/icons/desktop/macpa.png,/assets/desktop/icons/desktop/macpa.png,https://macpa.cn,苹果砸壳包资源站。,娱乐,TRUE,normal,TRUE,800,600
20012,量芯云,量芯云,/assets/desktop/icons/desktop/idc.ico,/assets/desktop/icons/desktop/idc.ico,https://idc.prolzy.com,这家的服务器比较便宜。,网络,TRUE,outer,TRUE,800,600
20013,腾讯云,腾讯云,/assets/desktop/icons/desktop/txcloud.png,/assets/desktop/icons/desktop/txcloud.png,https://cloud.tencent.com,性价比比较低不推荐。,网络,TRUE,outer,TRUE,800,600
20014,阿里云,阿里云,/assets/desktop/icons/desktop/aliyun.ico,/assets/desktop/icons/desktop/aliyun.ico,https://www.aliyun.com,性价比比较低不推荐。,网络,TRUE,outer,TRUE,800,600
20015,cloudflare,cloudflare,/assets/desktop/icons/desktop/cloudflare.ico,/assets/desktop/icons/desktop/cloudflare.ico,https://dash.cloudflare.com,这家服务器不错可以买，流量无限制,网络,TRUE,normal,TRUE,800,600
20016,全球代理搭建,全球代理搭建,/assets/desktop/icons/desktop/webproxy.png,/assets/desktop/icons/desktop/webproxy.png,https://reflect4.me,免费全球代理搭建,网络,TRUE,normal,TRUE,800,600
20017,AI模型库,AI模型库,/assets/desktop/icons/desktop/huggingface.svg,/assets/desktop/icons/desktop/huggingface.svg,https://huggingface.co,开源AI模型网站。,工具,TRUE,normal,TRUE,800,600
20018,谷歌插件,谷歌插件,/assets/desktop/icons/desktop/chrome_store.ico,/assets/desktop/icons/desktop/chrome_store.ico,https://chrome.zzzmh.cn,还在为国内无法访问谷歌商店烦恼吗？来试试吧。,工具,TRUE,normal,TRUE,800,600
20019,crx搜搜,浏览器插件,/assets/desktop/icons/desktop/crx搜搜.png,/assets/desktop/icons/desktop/crx搜搜.png,https://www.crxsoso.com,浏览器支持crx插件都能用。,工具,TRUE,normal,TRUE,800,600
20020,MikuTap,MikuTap,/assets/desktop/icons/desktop/mikutap.jpeg,/assets/desktop/icons/desktop/mikutap.jpeg,/apps/mikutap/,好玩不解释。,娱乐,TRUE,normal,TRUE,800,600
20021,原神,原神,https://webstatic.mihoyo.com/common/clgm-web-app/ys/ico/favicon_128.5.4.0.ico,https://webstatic.mihoyo.com/common/clgm-web-app/ys/ico/favicon_128.5.4.0.ico,https://ys.mihoyo.com/cloud/#/,好玩不解释。,娱乐,TRUE,outer,TRUE,800,600
20022,星穹铁道,星穹铁道,https://webstatic.mihoyo.com/common/clgm-web-app/sr/ico/favicon_128.3.0.0.ico,https://webstatic.mihoyo.com/common/clgm-web-app/sr/ico/favicon_128.3.0.0.ico,https://sr.mihoyo.com/cloud/?utm_source=official#/,好玩不解释。,娱乐,TRUE,normal,TRUE,800,600
20023,网易云游戏,网易云游戏,https://ts4.cn.mm.bing.net/th?id=ODLS.6257e05a-f7fd-4bf1-9dba-6b57752fe63d&w=32&h=32&qlt=90&pcl=fffffa&o=6&pid=1.2,https://ts4.cn.mm.bing.net/th?id=ODLS.6257e05a-f7fd-4bf1-9dba-6b57752fe63d&w=32&h=32&qlt=90&pcl=fffffa&o=6&pid=1.2,https://cg.163.com,网易云游戏。,娱乐,TRUE,normal,TRUE,800,600
20024,GoDot,GoDot（开源游戏引擎）,/apps/godot/favicon.png,/apps/godot/favicon.png,/apps/godot/,GoDot游戏引擎。,工具,TRUE,normal,TRUE,400,400
20026,IT工具箱,IT工具箱,https://it-tools.tech/favicon-16x16.png,https://it-tools.tech/favicon-16x16.png,https://it-tools.tech,程序员常用工具。,工具,TRUE,normal,FALSE,800,600
20027,西游云,西游云,/assets/desktop/icons/desktop/vpn.jpg,/assets/desktop/icons/desktop/vpn.jpg,https://t.xiyou.me/#/register?code=VcNZC3Wt,VPN工具,工具,TRUE,normal,FALSE,800,600
20028,Flow阅读器,Flow阅读器,https://app.flowoss.com/icons/192.png,https://app.flowoss.com/icons/192.png,https://app.flowoss.com/zh-CN,阅读器,工具,TRUE,normal,FALSE,800,600
20029,Koodo阅读器,Koodo阅读器,https://web.koodoreader.com/favicon.png,https://web.koodoreader.com/favicon.png,https://web.koodoreader.com/#/manager/home,阅读器,工具,TRUE,normal,FALSE,800,600
20030,亲戚计算器,亲戚计算器,/assets/desktop/icons/desktop/calc2.png,/assets/desktop/icons/desktop/calc2.png,https://widget.codelife.cc/relationship/index.html?sdk_from=itab&token=&theme=light,计算器,工具,TRUE,normal,FALSE,800,600
20031,格式转换,格式转换,https://www.67tool.com/favicon.ico,https://www.67tool.com/favicon.ico,https://www.67tool.com/video/convert?to=mp4&type=all&sdk_from=itab&is_member=0,格式转换,工具,TRUE,normal,FALSE,800,600
20032,FA图标库,FA图标库,https://fontawesome.p2hp.com/favicon.ico,https://fontawesome.p2hp.com/favicon.ico,https://fontawesome.p2hp.com/faicons.html,网站常用图标库,工具,TRUE,normal,FALSE,800,600